Workbook

Sheet Risiken
C2: Risikoregister
C3: Alle exportierten Risiken. Erwartungswert nach PERT: Wahrscheinlichkeit × (Minimum + 4 × wahrscheinlich + Maximum) / 6.
C6: Risiko-ID | D6: Projekt | E6: Bezeichnung | F6: Kategorie | G6: Wahrscheinlichkeit | H6: Minimum EUR | I6: Wahrscheinlich EUR | J6: Maximum EUR | K6: Brutto berechnet | L6: Zielminderung Bestand | M6: Neue Maßnahmen | N6: Netto EUR | O6: Brutto Quelle | P6: Δ Quelle
C7: PRJ-4f8db9fc-RK-11 | D7: P4102309045 | E7: Witterung / Ablaufstörung | F7: Termin | G7: 0.15 | H7: 541 | I7: 1622 | J7: 3244 | K7: =IF(OR(COUNT(G7:J7)<>4,G7<0,G7>1,H7>I7,I7>J7),"n.a.",ROUND(G7*(H7+4*I7+J7)/6+0.00000001,2)) | L7: 0 | M7: =SUMIFS(Maßnahmen!$I$7:$I$126,Maßnahmen!$D$7:$D$126,C7,Maßnahmen!$H$7:$H$126,"<>verworfen") | N7: =IF(ISNUMBER(K7),MAX(0,K7-L7-M7),"n.a.") | O7: 256.83 | P7: =IF(ISNUMBER(K7),K7-O7,"n.a.")
C8: PRJ-54a39201-RK-01 | D8: 000001 | E8: Schadstofffund / Schadstoffsanierung (Asbest, PAK, PCB, PCP) | F8: Schadstoffe | G8: 0.1 | H8: 20 | I8: 50 | J8: 100 | K8: =IF(OR(COUNT(G8:J8)<>4,G8<0,G8>1,H8>I8,I8>J8),"n.a.",ROUND(G8*(H8+4*I8+J8)/6+0.00000001,2)) | L8: 0 | M8: =SUMIFS(Maßnahmen!$I$7:$I$126,Maßnahmen!$D$7:$D$126,C8,Maßnahmen!$H$7:$H$126,"<>verworfen") | N8: =IF(ISNUMBER(K8),MAX(0,K8-L8-M8),"n.a.") | O8: 5.33 | P8: =IF(ISNUMBER(K8),K8-O8,"n.a.")
C9: PRJ-54a39201-RK-02 | D9: 000001 | E9: Arbeitsschutz kontaminierte Bereiche (TRGS 524) | F9: Schadstoffe | G9: 0.47 | H9: 20 | I9: 50 | J9: 100 | K9: =IF(OR(COUNT(G9:J9)<>4,G9<0,G9>1,H9>I9,I9>J9),"n.a.",ROUND(G9*(H9+4*I9+J9)/6+0.00000001,2)) | L9: 0 | M9: =SUMIFS(Maßnahmen!$I$7:$I$126,Maßnahmen!$D$7:$D$126,C9,Maßnahmen!$H$7:$H$126,"<>verworfen") | N9: =IF(ISNUMBER(K9),MAX(0,K9-L9-M9),"n.a.") | O9: 25.07 | P9: =IF(ISNUMBER(K9),K9-O9,"n.a.")
C10: PRJ-54a39201-RK-03 | D10: 000001 | E10: Entsorgungs-Mehrkosten / Entsorgungswege | F10: Entsorgung | G10: 0.27 | H10: 20 | I10: 50 | J10: 100 | K10: =IF(OR(COUNT(G10:J10)<>4,G10<0,G10>1,H10>I10,I10>J10),"n.a.",ROUND(G10*(H10+4*I10+J10)/6+0.00000001,2)) | L10: 0 | M10: =SUMIFS(Maßnahmen!$I$7:$I$126,Maßnahmen!$D$7:$D$126,C10,Maßnahmen!$H$7:$H$126,"<>verworfen") | N10: =IF(ISNUMBER(K10),MAX(0,K10-L10-M10),"n.a.") | O10: 14.4 | P10: =IF(ISNUMBER(K10),K10-O10,"n.a.")
C11: PRJ-54a39201-RK-04 | D11: 000001 | E11: Baustofftrennung / Aufbereitung nicht wie geplant | F11: Entsorgung | G11: 0.1 | H11: 20 | I11: 50 | J11: 100 | K11: =IF(OR(COUNT(G11:J11)<>4,G11<0,G11>1,H11>I11,I11>J11),"n.a.",ROUND(G11*(H11+4*I11+J11)/6+0.00000001,2)) | L11: 0 | M11: =SUMIFS(Maßnahmen!$I$7:$I$126,Maßnahmen!$D$7:$D$126,C11,Maßnahmen!$H$7:$H$126,"<>verworfen") | N11: =IF(ISNUMBER(K11),MAX(0,K11-L11-M11),"n.a.") | O11: 5.33 | P11: =IF(ISNUMBER(K11),K11-O11,"n.a.")
C12: PRJ-54a39201-RK-05 | D12: 000001 | E12: Unbekannte Bauwerkskonstruktion / fehlende Pläne | F12: Statik | G12: 0.12 | H12: 40 | I12: 80 | J12: 150 | K12: =IF(OR(COUNT(G12:J12)<>4,G12<0,G12>1,H12>I12,I12>J12),"n.a.",ROUND(G12*(H12+4*I12+J12)/6+0.00000001,2)) | L12: 0 | M12: =SUMIFS(Maßnahmen!$I$7:$I$126,Maßnahmen!$D$7:$D$126,C12,Maßnahmen!$H$7:$H$126,"<>verworfen") | N12: =IF(ISNUMBER(K12),MAX(0,K12-L12-M12),"n.a.") | O12: 10.2 | P12: =IF(ISNUMBER(K12),K12-O12,"n.a.")
C13: PRJ-54a39201-RK-06 | D13: 000001 | E13: Statik / Einsturzsicherung während Abbruch | F13: Statik | G13: 0.24 | H13: 30 | I13: 70 | J13: 140 | K13: =IF(OR(COUNT(G13:J13)<>4,G13<0,G13>1,H13>I13,I13>J13),"n.a.",ROUND(G13*(H13+4*I13+J13)/6+0.00000001,2)) | L13: 0 | M13: =SUMIFS(Maßnahmen!$I$7:$I$126,Maßnahmen!$D$7:$D$126,C13,Maßnahmen!$H$7:$H$126,"<>verworfen") | N13: =IF(ISNUMBER(K13),MAX(0,K13-L13-M13),"n.a.") | O13: 18 | P13: =IF(ISNUMBER(K13),K13-O13,"n.a.")
C14: PRJ-54a39201-RK-07 | D14: 000001 | E14: Unterirdische Tragkonstruktion / Fundamente | F14: Statik | G14: 0.4 | H14: 5 | I14: 20 | J14: 50 | K14: =IF(OR(COUNT(G14:J14)<>4,G14<0,G14>1,H14>I14,I14>J14),"n.a.",ROUND(G14*(H14+4*I14+J14)/6+0.00000001,2)) | L14: 0 | M14: =SUMIFS(Maßnahmen!$I$7:$I$126,Maßnahmen!$D$7:$D$126,C14,Maßnahmen!$H$7:$H$126,"<>verworfen") | N14: =IF(ISNUMBER(K14),MAX(0,K14-L14-M14),"n.a.") | O14: 9 | P14: =IF(ISNUMBER(K14),K14-O14,"n.a.")
C15: PRJ-54a39201-RK-08 | D15: 000001 | E15: Gebäudehöhe >22 m / Longfront-Bagger (+130–150 %) | F15: Termin | G15: 0.6 | H15: 90 | I15: 180 | J15: 340 | K15: =IF(OR(COUNT(G15:J15)<>4,G15<0,G15>1,H15>I15,I15>J15),"n.a.",ROUND(G15*(H15+4*I15+J15)/6+0.00000001,2)) | L15: 0 | M15: =SUMIFS(Maßnahmen!$I$7:$I$126,Maßnahmen!$D$7:$D$126,C15,Maßnahmen!$H$7:$H$126,"<>verworfen") | N15: =IF(ISNUMBER(K15),MAX(0,K15-L15-M15),"n.a.") | O15: 115 | P15: =IF(ISNUMBER(K15),K15-O15,"n.a.")
C16: PRJ-54a39201-RK-09 | D16: 000001 | E16: Beennte Lage / nur Handabbruch möglich | F16: Termin | G16: 0.15 | H16: 8 | I16: 20 | J16: 50 | K16: =IF(OR(COUNT(G16:J16)<>4,G16<0,G16>1,H16>I16,I16>J16),"n.a.",ROUND(G16*(H16+4*I16+J16)/6+0.00000001,2)) | L16: 0 | M16: =SUMIFS(Maßnahmen!$I$7:$I$126,Maßnahmen!$D$7:$D$126,C16,Maßnahmen!$H$7:$H$126,"<>verworfen") | N16: =IF(ISNUMBER(K16),MAX(0,K16-L16-M16),"n.a.") | O16: 3.45 | P16: =IF(ISNUMBER(K16),K16-O16,"n.a.")
C17: PRJ-54a39201-RK-10 | D17: 000001 | E17: Terminvorgabe Auftraggeber / Geräteauslastung | F17: Termin | G17: 0.1 | H17: 8 | I17: 20 | J17: 50 | K17: =IF(OR(COUNT(G17:J17)<>4,G17<0,G17>1,H17>I17,I17>J17),"n.a.",ROUND(G17*(H17+4*I17+J17)/6+0.00000001,2)) | L17: 0 | M17: =SUMIFS(Maßnahmen!$I$7:$I$126,Maßnahmen!$D$7:$D$126,C17,Maßnahmen!$H$7:$H$126,"<>verworfen") | N17: =IF(ISNUMBER(K17),MAX(0,K17-L17-M17),"n.a.") | O17: 2.3 | P17: =IF(ISNUMBER(K17),K17-O17,"n.a.")
C18: PRJ-54a39201-RK-11 | D18: 000001 | E18: Witterung / Ablaufstörung | F18: Termin | G18: 0.25 | H18: 10 | I18: 30 | J18: 60 | K18: =IF(OR(COUNT(G18:J18)<>4,G18<0,G18>1,H18>I18,I18>J18),"n.a.",ROUND(G18*(H18+4*I18+J18)/6+0.00000001,2)) | L18: 0 | M18: =SUMIFS(Maßnahmen!$I$7:$I$126,Maßnahmen!$D$7:$D$126,C18,Maßnahmen!$H$7:$H$126,"<>verworfen") | N18: =IF(ISNUMBER(K18),MAX(0,K18-L18-M18),"n.a.") | O18: 7.92 | P18: =IF(ISNUMBER(K18),K18-O18,"n.a.")
... C2271: PRJ-3d4efac3-RK-15 | D2271: W4102304949 | E2271: Konjunktur / Sekundärstoffpreise & Gerätemiete | F2271: Markt | G2271: 0.12 | H2271: 8 | I2271: 20 | J2271: 50 | K2271: =IF(OR(COUNT(G2271:J2271)<>4,G2271<0,G2271>1,H2271>I2271,I2271>J2271),"n.a.",ROUND(G2271*(H2271+4*I2271+J2271)/6+0.00000001,2)) | L2271: 0 | M2271: =SUMIFS(Maßnahmen!$I$7:$I$126,Maßnahmen!$D$7:$D$126,C2271,Maßnahmen!$H$7:$H$126,"<>verworfen") | N2271: =IF(ISNUMBER(K2271),MAX(0,K2271-L2271-M2271),"n.a.") | O2271: 2.76 | P2271: =IF(ISNUMBER(K2271),K2271-O2271,"n.a.")
C2274: SharePoint-Verknüpfungen (Dateien im selben Ordner)
C2275: Diese Datei | D2275: Risiken.xlsx
